year,Answer,share
2006,Stark ablehnen,0.05979341820693883
2006,Ablehnen,0.29395939635037927
2006,Indifferent,0.5196497118809582
2006,Bef端rworten,0.09915388939830706
2006,Stark bef端rworten,0.027443584163416634
2018,Stark ablehnen,0.04672897196261682
2018,Ablehnen,0.19492656875834447
2018,Indifferent,0.4959946595460614
2018,Bef端rworten,0.17690253671562084
2018,Stark bef端rworten,0.08544726301735647
