year,Answer,share
2006,Stark ablehnen,0.06345416105012068
2006,Ablehnen,0.31144302952070174
2006,Indifferent,0.33320598339542706
2006,Bef端rworten,0.18918714580621407
2006,Stark bef端rworten,0.10270968022753643
2018,Stark ablehnen,0.058941728064300064
2018,Ablehnen,0.24849296718017413
2018,Indifferent,0.31279303415941057
2018,Bef端rworten,0.2632283991962492
2018,Stark bef端rworten,0.11654387139986604
