year,Answer,share
2006,Stark ablehnen,0.040240531849279663
2006,Ablehnen,0.12075396043751539
2006,Indifferent,0.5912236446185822
2006,Bef端rworten,0.18340442096594212
2006,Stark bef端rworten,0.06437744212868057
2018,Stark ablehnen,0.021753460777851022
2018,Ablehnen,0.07053394858272907
2018,Indifferent,0.4759393539881345
2018,Bef端rworten,0.24917600527356626
2018,Stark bef端rworten,0.1825972313777192
