year,Answer,share
2006,Stark ablehnen,0.037860594991339994
2006,Ablehnen,0.16078832421752076
2006,Indifferent,0.4961639648094521
2006,Bef端rworten,0.22519750308617711
2006,Stark bef端rworten,0.07998961289551004
2018,Stark ablehnen,0.022905759162303665
2018,Ablehnen,0.10013089005235602
2018,Indifferent,0.3658376963350785
2018,Bef端rworten,0.30497382198952877
2018,Stark bef端rworten,0.206151832460733
